﻿<?xml version="1.0" encoding="utf-8" ?>
<Defs>

	<ThingDef Name="ApparelBaseCIWSV" Abstract="True">
		<thingClass>Apparel</thingClass>
		<category>Item</category>
		<selectable>True</selectable>
		<pathCost>10</pathCost>
		<useHitPoints>True</useHitPoints>
		<techLevel>Medieval</techLevel>
		<graphicData>
			<onGroundRandomRotateAngle>35</onGroundRandomRotateAngle>
		</graphicData>
		<drawGUIOverlay>true</drawGUIOverlay>
		<statBases>
			<MaxHitPoints>100</MaxHitPoints>
			<Flammability>1.0</Flammability>
			<DeteriorationRate>2</DeteriorationRate>
			<Beauty>-4</Beauty>
			<SellPriceFactor>0.70</SellPriceFactor>
		</statBases>
		<altitudeLayer>Item</altitudeLayer>
		<alwaysHaulable>True</alwaysHaulable>
		<tickerType>Never</tickerType>
		<comps>
			<li Class="CompProperties_Forbiddable"/>
			<li>
				<compClass>CompColorable</compClass>
			</li>
			<li>
				<compClass>CompQuality</compClass>
			</li>
		</comps>
	</ThingDef>

	<ThingDef Name="ApparelMakeableBaseCIWS" ParentName="ApparelBaseCIWSV" Abstract="True">
		<recipeMaker>
			<workSpeedStat>TailoringSpeed</workSpeedStat>
			<workSkill>Crafting</workSkill>
			<effectWorking>Tailor</effectWorking>
			<soundWorking>Recipe_Tailor</soundWorking>
			<recipeUsers>
				<li>ElectricTailoringBench</li>
				<li>HandTailoringBench</li>
			</recipeUsers>
			<unfinishedThingDef>UnfinishedApparel</unfinishedThingDef>
		</recipeMaker>
	</ThingDef>


	<ThingDef ParentName="ApparelMakeableBaseCIWS">
		<defName>Apparel_SnowWhiteCoats</defName>
		<description>白雪公主的新衣，只有集齐七个小矮人才能看见，感谢lolidrop 的贴图支持。</description>
		<label>白雪公主的新衣</label>
		<recipeMaker>
			<researchPrerequisite>ComplexClothing</researchPrerequisite>
		</recipeMaker>
		<graphicData>
			<texPath>Things/Pawn/Humanlike/Apparel/SnowWhiteCoats/SnowWhiteCoats</texPath>
			<graphicClass>Graphic_Single</graphicClass>
		</graphicData>
		<costStuffCount>80</costStuffCount>
		<costList>
			<Cloth>80</Cloth>
			<Silver>1</Silver>
			<CIWS_XuKeZheng>1</CIWS_XuKeZheng>
		</costList>
		<thingCategories>
			<li>Apparel</li>
		</thingCategories>
		<statBases>
			<MarketValue>800</MarketValue>
			<MaxHitPoints>300</MaxHitPoints>
			<WorkToMake>22000</WorkToMake>
			<Mass>2.2</Mass>
			<ArmorRating_Sharp>5.0</ArmorRating_Sharp>
			<ArmorRating_Blunt>5.0</ArmorRating_Blunt>
			<ArmorRating_Heat>5.0</ArmorRating_Heat>
			<Insulation_Cold>56</Insulation_Cold>
			<Insulation_Heat>36</Insulation_Heat>
		</statBases>
		<equippedStatOffsets>
			<MoveSpeed>0.04</MoveSpeed>
		</equippedStatOffsets>
		<apparel>
			<bodyPartGroups>
				<li>Torso</li>
				<li>Shoulders</li>
				<li>Waist</li>
				<li>Arms</li>
				<li>Legs</li>
				<li>Neck</li>
				<li>FullHead</li>
				<li>Hands</li>
				<li>Feet</li>
			</bodyPartGroups>
			<wornGraphicPath>Things/Pawn/Humanlike/Apparel/SnowWhiteCoats/SnowWhiteCoats</wornGraphicPath>
			<layers>
				<li>OnSkin</li><!--贴身-->
				<li>Shell</li><!--外套-->
			</layers>
			<tags>
				<li>Outlander</li>
			</tags>
			<defaultOutfitTags>
				<li>Worker</li>
			</defaultOutfitTags>
		</apparel>
		<colorGenerator Class="ColorGenerator_StandardApparel" />
		
	</ThingDef>


</Defs>