﻿<?xml version="1.0" encoding="utf-8" ?>
<Defs>

	<RecipeDef>
		<defName>KouCaiLianxi</defName>
		<label>练习口才</label>
		<description>阅读书籍练习口才技能。</description>
		<jobString>正在练习。</jobString>
		<workSpeedStat>SmeltingSpeed</workSpeedStat>
		<effectWorking>Cremate</effectWorking>
		<soundWorking>Recipe_Cremate</soundWorking>
		<workAmount>1600</workAmount>
		<workSkillLearnFactor>25</workSkillLearnFactor><!--技能学习加成-->
		<allowMixingIngredients>true</allowMixingIngredients>
		<ingredients>
			<li>
				<filter>
					<thingDefs>
						<li>CIWS_YanJiangYuKouCai</li>
					</thingDefs>
				</filter>
				<count>1</count>
			</li>
		</ingredients>
		<fixedIngredientFilter>
			<thingDefs>
				<li>CIWS_YanJiangYuKouCai</li>
			</thingDefs>
		</fixedIngredientFilter>
		<defaultIngredientFilter>
			<thingDefs>
				<li>CIWS_YanJiangYuKouCai</li>
			</thingDefs>
		</defaultIngredientFilter>
		<workSkill>Social</workSkill>
	</RecipeDef>

	<RecipeDef>
		<defName>MakeYanJiangYuKouCai</defName>
		<label>制作演讲与口才</label>
		<description>制作演讲与口才。</description>
		<jobString>正在制作。</jobString>
		<workSpeedStat>SmeltingSpeed</workSpeedStat>
		<effectWorking>Smelt</effectWorking>
		<soundWorking>Recipe_Smelt</soundWorking>
		<workAmount>1500</workAmount>
		<allowMixingIngredients>true</allowMixingIngredients>
		<ingredients>
			<li>
				<filter>
					<thingDefs>
						<li>WoodLog</li>
					</thingDefs>
				</filter>
				<count>75</count>
			</li>
		</ingredients>
		<fixedIngredientFilter>
			<thingDefs>
				<li>WoodLog</li>
			</thingDefs>
		</fixedIngredientFilter>
		<defaultIngredientFilter>
			<thingDefs>
				<li>WoodLog</li>
			</thingDefs>
		</defaultIngredientFilter>
		<products>
			<CIWS_YanJiangYuKouCai>25</CIWS_YanJiangYuKouCai>
		</products>
		<workSkill>Crafting</workSkill>
		<recipeUsers>
			<li>CraftingSpot</li>
		</recipeUsers>
	</RecipeDef>

	<RecipeDef>
		<defName>MakeSnowWhiteCoats</defName>
		<label>制作白雪公主的新衣</label>
		<description>白雪公主的新衣，只有集齐七个小矮人才能看见（雾），感谢lolidrop 的贴图支持。</description>
		<jobString>制作白雪公主的新衣.</jobString>
		<workAmount>4800</workAmount>
		<workSpeedStat>GeneralLaborSpeed</workSpeedStat>
		<effectWorking>Tailor</effectWorking>
		<soundWorking>Recipe_Tailor</soundWorking>
		<researchPrerequisite>ComplexClothing</researchPrerequisite>
		<unfinishedThingDef>UnfinishedApparel</unfinishedThingDef>
		<ingredients>
			<li>
				<filter>
					<categories>
						<li>Textiles</li>
					</categories>
				</filter>
				<count>80</count>
			</li>
			<li>
				<filter>
					<thingDefs>
						<li>Silver</li>
					</thingDefs>
				</filter>
				<count>1</count>
			</li>
			<li>
				<filter>
					<thingDefs>
						<li>CIWS_XuKeZheng</li>
					</thingDefs>
				</filter>
				<count>1</count>
			</li>
		</ingredients>
		<fixedIngredientFilter>
			<thingDefs>
				<li>Silver</li>
				<li>CIWS_XuKeZheng</li>
			</thingDefs>
			<categories>
				<li>Textiles</li>
			</categories>
		</fixedIngredientFilter>
		<products>
			<Apparel_SnowWhiteCoats>1</Apparel_SnowWhiteCoats>
		</products>
		<skillRequirements>
			<Crafting>8</Crafting>
		</skillRequirements>
		<workSkill>Crafting</workSkill>
		<recipeUsers>
			<li>ElectricTailoringBench</li>
			<li>HandTailoringBench</li>
		</recipeUsers>
	</RecipeDef>

</Defs>
